z,u_rms,v_rms,w_rms,T_rms,uv_rms,tke
0.0,0.0,0.0,0.0,0.0,0.0,0.0
0.000195,0.0007984358132373386,0.0002975103925104141,3.8401113946140474e-05,0.0005464271669681552,5.220461012091297e-09,3.6374341353198766e-07
0.000781,0.0031885945433447844,0.0011819540845093045,3.323775374560534e-05,0.002174048836540208,8.162668418517491e-08,5.782627684005208e-06
0.001756,0.007124190968360348,0.002597344965337449,8.16362037829001e-05,0.004796063527651554,3.668303569793057e-07,2.8753481146199516e-05
0.003122,0.012566470330398104,0.004479278850468951,0.0001342388314865248,0.008315247900677543,9.943525418280012e-07,8.899906782445659e-05
0.004876,0.019422068841631463,0.006729828700143467,0.00024307830107238993,0.012565206215363946,1.8826017300037779e-06,0.00021128321974139933
0.007019,0.02763547256932127,0.00925724268373453,0.00041286771992601987,0.017394109851607963,2.6321433183948507e-06,0.0004247931729947108
0.009549,0.037059365902909924,0.011961015699968654,0.0006864810463534915,0.022584845892101135,2.2497773887549636e-06,0.000758466876963831
0.012467,0.047593466932264544,0.014755208220677817,0.0010722476517611654,0.02795532678571748,-8.720937179550662e-07,0.0012420019896474122
0.015769,0.05899691525993938,0.017569744795152015,0.00159640504362974,0.03326908620831419,-8.617292389085719e-06,0.001895940225709283
0.019456,0.07107536958652816,0.020349064534719435,0.0022576521613590934,0.038345342886938735,-2.2678468258679727e-05,0.0027354447912907188
0.023526,0.08349650547795347,0.023063497054069987,0.003061397294790768,0.04297893658848386,-4.291640953658721e-05,0.0037564817383947805
0.027977,0.09599436393795506,0.02568994121918168,0.004001774746202209,0.047037467401975265,-6.698851138109664e-05,0.0049454525944084594
0.032807,0.10821451375433973,0.028222670324984534,0.005071612817813988,0.05039446385858331,-8.933520055063012e-05,0.00626631068196738
0.038015,0.11987597674641387,0.03065080030856215,0.006266494118591103,0.05299098531136144,-0.00010229947762441879,0.007674495154500225
0.043599,0.13067974757413206,0.0329743655159835,0.007563822225495237,0.05479115327130888,-9.739195481412896e-05,0.009110858306939725
0.049556,0.14040160485066855,0.0351866527194373,0.008953406172038401,0.0558161841191426,-6.795370474389107e-05,0.010515437328161526
0.055884,0.1488737453296109,0.03729213173761364,0.01041619644461863,0.05610398140454427,-1.0307970628681104e-05,0.01183129614318713
0.06258,0.15599317176932415,0.03928874202918171,0.01192804846100285,0.05573528194917623,7.229093887967969e-05,0.013009876614488745
0.069643,0.16174048798078405,0.04118360914164622,0.013481761325919307,0.05478733386533484,0.0001710659514491594,0.014018916501321546
0.077068,0.16612906777649009,0.042981505293386305,0.015046380272522034,0.0533732605882613,0.00027032131368057296,0.014836335258438187
0.084854,0.16923904745140195,0.04469822081367256,0.016619683177366815,0.0516017905245864,0.00035459431273759007,0.015457999997540882
0.092998,0.17119735993852292,0.04633442703892653,0.01818136354993145,0.04956275448498756,0.0004106536147066633,0.015892988579740277
0.101495,0.1721496306113922,0.047912475106092325,0.019725602875801933,0.04737769094143673,0.0004356052352786779,0.016160099999622275
0.110343,0.17223577933721487,0.04944302317809809,0.021246753881366695,0.04510805661328519,0.0004334216954757306,0.016280600387691545
0.119538,0.17161979368692024,0.05095505804431804,0.022745971824823512,0.042828989962262365,0.00041467868404995663,0.016283575379848272
0.129077,0.17039128642271126,0.052449696777095385,0.02422224789936737,0.0405613655300952,0.0003877378235822092,0.01618543923704704
0.138956,0.16865093555721564,0.053887810667657535,0.02567411657020344,0.038344968531920355,0.00035802294853373533,0.0160030972322689
0.149172,0.16643904124668377,0.055168773171643065,0.027102272434324663,0.03618715339989816,0.0003259452433270102,0.015740040577741927
0.159719,0.16376558799572008,0.05617686763269441,0.02850614109407159,0.03410179935761673,0.0002866681835565406,0.015393804174340161
0.170594,0.16059227241334606,0.05683354921929206,0.029890035013051913,0.03209450855438831,0.00023335925132700306,0.014956672234412757
0.181793,0.1569308433399357,0.057126729886580324,0.03124853900318442,0.03018669536474357,0.00016440934371024987,0.014433612024375644
0.193312,0.1528906225264756,0.05712294470157988,0.032563766275470044,0.02840553153043154,8.651004970997183e-05,0.013849486070978217
0.205146,0.14865327457894273,0.05694898679514234,0.03381966293790033,0.026773190681533353,1.2693316321102741e-05,0.013242376370634513
0.217289,0.14438758919153044,0.056750181351968396,0.03500493423936616,0.025275738068628102,-4.228316873892143e-05,0.012646852208562905
0.229739,0.14013909160906085,0.05663989320718224,0.03610780174722022,0.023895466873137428,-6.936595192163968e-05,0.012075407923275158
0.242489,0.13584409363003186,0.056692952658966296,0.03712384645503784,0.022602192390330258,-6.523787388603396e-05,0.01152294431548694
0.255535,0.13141987318223847,0.0569428371444594,0.0380477940600186,0.021397420034641797,-2.8191897145578972e-05,0.010980652201064828
0.268871,0.12689066081665704,0.05737530366194394,0.038883597661283555,0.020262944390711503,4.024016303851384e-05,0.010452549719936378
0.282493,0.12237653142367973,0.05787800924107268,0.03963446764298542,0.019232430646069585,0.00013116558810097038,0.009948385211171713
0.296395,0.11803571677800188,0.0582656852674561,0.04031327197012248,0.01827821932982216,0.00023421098767392861,0.009476240205959996
0.310571,0.11394928962399672,0.0583901031583499,0.04093936669257497,0.017410508937043954,0.0003374448408557012,0.009034938248922673
0.325017,0.11016293630649794,0.05821990908162209,0.04153058458036371,0.016626284964526672,0.00043297217463639844,0.008625109902364304
0.339726,0.10668200429993013,0.05782031512660648,0.042093279072487624,0.015932616503800692,0.0005144223478996316,0.008248041512932357
0.354693,0.10345292905289917,0.05728849748097273,0.042626458625967256,0.01532785397292418,0.0005765976224973532,0.007900747724121453
0.369912,0.10045026460476032,0.056700245794151255,0.04312393342143023,0.01479940689535235,0.0006179515732476519,0.007582423583009739
0.385377,0.09769025648037594,0.05607820076635388,0.043580014396842434,0.014329949222883573,0.0006398000429913587,0.007293684233611061
0.401082,0.09516799172325044,0.05543284379522869,0.04399691522809784,0.013900562827173356,0.000647172200294736,0.007032737684725657
0.417021,0.09287969487878739,0.05483915909295244,0.04437329649460022,0.013502587438569726,0.0006508546036350191,0.006801480266298246
0.433187,0.09085406951642437,0.054400500559146935,0.044696238434926636,0.013119676559944764,0.0006593734038367325,0.0066058150695064155
0.449574,0.0890984477255224,0.05410882896271521,0.044945920052208745,0.0127455844451379,0.0006710432588255993,0.006443217244076779
0.466177,0.0875835343364256,0.053874982662679705,0.04510773399014653,0.012368397605301276,0.0006770653130577591,0.006304048454744851
0.482987,0.08619344009974977,0.053612946067550106,0.04517301919692072,0.011994772164117849,0.0006674252980340332,0.006172129382818278
0.5,0.08479574124876578,0.053260131933355416,0.04513598771294267,0.01162129134254493,0.0006375615786974649,0.006032108387154487
0.517208,0.08332275407562371,0.052754151423981065,0.04500311188914078,0.011255450696455267,0.0005886523304913502,0.0058754809594588585
0.534604,0.08173594232935531,0.05204089454724585,0.04478278838808628,0.010879447511225365,0.0005238058766775871,0.0056972585547786884
0.552182,0.08007526401079174,0.051075189067333535,0.044486891690296515,0.010490072103664315,0.00044296205396743185,0.005499903188463019
0.569935,0.07842508471060355,0.04984321734486686,0.04412808677085288,0.010098184571398335,0.00034271599458052124,0.005291064134604451
0.587855,0.0769361241278798,0.04840054237853935,0.043714341676982287,0.009731079816539557,0.00022579175929557564,0.005086361683304631
0.605937,0.0757462023935244,0.046890381624945805,0.04324887953519904,0.009413672236606475,0.0001058298158214538,0.004903330323511987
0.624172,0.0748583991653169,0.04548165196909987,0.04273111113520979,0.009152979523058949,-1.1388894954134958e-06,0.004749154225140948
0.642555,0.07409535386678924,0.044279822667708975,0.04216479633042771,0.00893234085860789,-8.563653626112077e-05,0.004614347104857462
0.661076,0.07319437869726411,0.04330521200596443,0.04155743836586756,0.008722065512931932,-0.00014268005694777062,0.004479889571646458
0.67973,0.07196538045952322,0.04253163328279611,0.04091601423564956,0.008509771683183847,-0.0001706078362638851,0.004331038017659028
0.698509,0.07043684748296332,0.041934989447020087,0.04024932146419665,0.008310018041108907,-0.0001730543695818569,0.004169950350794082
0.717406,0.06875143973179947,0.04147470639768929,0.03956915135270464,0.008136686465117535,-0.0001567987386116019,0.004006314737371515
0.736413,0.06700539776434782,0.04107459846760533,0.03888911538949477,0.007994724472355419,-0.0001299195120573387,0.0038446046323054564
0.755523,0.06525057109126303,0.04065630409559698,0.038220542737259555,0.007877969267748855,-0.00010166886107096459,0.0036856909887901554
0.774728,0.06351971762808188,0.040192909926533536,0.03757310438182122,0.007780263695552827,-7.920656321110262e-05,0.0035309813544004637
0.794021,0.06182320539235961,0.039687752927588436,0.036952637205301266,0.007691457713111943,-6.511356400471841e-05,0.003381361926926901
0.813395,0.060134176406855734,0.03916157267832471,0.0363679896783394,0.00760488762575131,-5.881111438445858e-05,0.003236189310007177
0.832842,0.05845455497937861,0.03863162475410601,0.035825046955860196,0.007515354992177948,-5.8828514331661354e-05,0.0030963857091844205
0.852353,0.05686489617946542,0.03809855602534555,0.035334510864782835,0.007431956561253026,-6.259774409995468e-05,0.0029668220233856155
0.871923,0.05546388750626187,0.037566080812538365,0.03490212773623046,0.00736038092047542,-6.76468240506663e-05,0.0028528058827187908
0.891542,0.05430055054073913,0.0370564677687607,0.03453694768597339,0.00729974690474605,-7.359515650202734e-05,0.002757266173994114
0.911204,0.05338134110626284,0.036604008525947786,0.03424493385149169,0.007260107147420344,-8.011423658062217e-05,0.0026810682564819433
0.930901,0.05272148781864232,0.036256488324712885,0.03403290569009889,0.00723964152610959,-8.394242943761403e-05,0.002626163446581229
0.950624,0.05234324934817712,0.03606067456378096,0.03390502222536867,0.007230121049606629,-7.93514493646278e-05,0.0025948692672115537
0.970367,0.05226128215485451,0.036032998322455226,0.03386485603805406,0.007224358975001086,-6.168210142996882e-05,0.002588223527526751
0.990121,0.05249822212340745,0.036165019908471464,0.033912236571627404,0.007222157819025428,-3.11869009254927e-05,0.0026070058901943942
1.009879,0.053049856414790424,0.03643924379934839,0.034047718912436124,0.007222927236224327,6.0830058380699076e-06,0.0026506764587192456
1.029633,0.053826983988764676,0.03682422303710623,0.0342712974402513,0.007223120556801669,4.2674180691307896e-05,0.0027139447179257248
1.049376,0.05468672150015542,0.03726660802053322,0.03458393620132226,0.007228318199138299,7.347520527073803e-05,0.0027877431124843804
1.069099,0.055543905704425064,0.03772064145592786,0.03497798240797231,0.007240902585021219,9.661649020814335e-05,0.0028657157530405735
1.088796,0.05643035385717727,0.03818547670695505,0.035439154477469835,0.007261354533448881,0.00011187691855517985,0.0029492245689308094
1.108458,0.057419850675682976,0.03869403842443968,0.035946757224317116,0.007292547317228154,0.00012095140788086179,0.0030432186080768704
1.128077,0.05852672580063881,0.03925733683999538,0.03648525865973498,0.007326274963125154,0.00012648879780493975,0.003148845114089893
1.147647,0.05969930601544041,0.03985396113410323,0.03704386966556204,0.007364218674601928,0.00013058767339147758,0.003262296818301479
1.167158,0.0608638902227244,0.040461818534790986,0.0376188783833558,0.007404686773656328,0.0001343575722083953,0.003378375951503958
1.186605,0.0619635432414078,0.04108135647886621,0.03820796097243204,0.007463394571464589,0.00013951583091964426,0.0034935034114221934
1.205979,0.06299676400215476,0.04173124395057306,0.03880981459808505,0.007541970237179734,0.00014815726323821215,0.0036081453527715794
1.225272,0.06401370478668761,0.042461267325539155,0.039424441115098526,0.007636785956415728,0.00016127503947088465,0.0037275000903229808
1.244477,0.0651035894183003,0.04333345526816985,0.0400568946956246,0.007733686156232953,0.00017524192730374163,0.0038604102566407294
1.263587,0.06629008053182003,0.04436851094474015,0.040710637236409705,0.0078379723861739,0.000177975372051882,0.00401014776228163
1.282594,0.06743325244689874,0.04551997862523617,0.04139484943600587,0.00797901971210672,0.00015727225217314933,0.0041664227747193645
1.301491,0.06854933986437903,0.046680661719871265,0.042107596552113796,0.008154447995365612,0.00011344987462979927,0.004325572930921392
1.32027,0.06971558979229961,0.047755363100194494,0.042837302648855886,0.008380433698354211,5.3700557567518486e-05,0.0044879363315746415
1.338924,0.07085989676046495,0.04870817933084202,0.04356731799307922,0.008600561252647998,-9.020494800127291e-06,0.0046458614498696505
1.357445,0.07190462711778459,0.04954859933808177,0.044281225463251854,0.008896685558519154,-6.25346091248491e-05,0.004793083012920372
1.375828,0.07286497566281726,0.05031441484029106,0.044960786979584076,0.009074337271013028,-9.685700452259496e-05,0.004931158692443694
1.394063,0.0738632536153404,0.05103970553079733,0.04558799831043175,0.00933053408925849,-0.00010509815051297855,0.0050695486826332625
1.412145,0.07508150852811607,0.051708592072836415,0.04614136385684496,0.009575205882291717,-9.017733779309955e-05,0.005220018437791163
1.430065,0.0766096430933561,0.052274724125644066,0.0466014013507002,0.00982634286949111,-7.26717095979185e-05,0.005386687402576321
1.447818,0.07828531001909483,0.05277857949434906,0.04696033870039511,0.010088095772343673,-7.663745150171377e-05,0.00555972081454147
1.465396,0.07992500024727517,0.053332673269014655,0.04722543702273614,0.01035626585469513,-0.00010770391647419369,0.005731310802267411
1.482792,0.08153339926593571,0.05396677348652661,0.047407599077478976,0.010648836904872177,-0.00015864003995349696,0.0059037941433477716
1.5,0.08313228499042553,0.054640345768561735,0.047514469864144995,0.010973888115657231,-0.00022145180399473126,0.006077084519954028
1.517013,0.08470902692590394,0.05532049438076684,0.047554567032071754,0.01133168450175944,-0.0002863752246130988,0.0062487065934368905
1.533823,0.08628971249512661,0.05598470416399797,0.04753674703721345,0.0117103962236121,-0.0003422032888078694,0.006419971950851002
1.550426,0.08791865555620466,0.056622032390411116,0.04746811518129922,0.012109138211294081,-0.00037478237392314884,0.006594483252848207
1.566813,0.08966934817739305,0.057182668342555115,0.047370242359366224,0.012546375066558165,-0.00038456205203991304,0.0067771947112591465
1.582979,0.09153603116011817,0.057553081454246036,0.04726549519015445,0.01300714868690971,-0.00040080825623768103,0.006962614610497859
1.598918,0.0934864616607262,0.05775063318546456,0.04716260179154673,0.013445338101378128,-0.0004469984844742056,0.00714958257745626
1.614623,0.09558863821366398,0.057921772916258704,0.04706102317498462,0.01389049435116564,-0.000519778941871779,0.007353429717790911
1.630088,0.09793845346391375,0.05816519948022219,0.046960897716785424,0.014415228862651135,-0.0006068810457437239,0.007590228505921811
1.645307,0.10061909461981437,0.05851117022222732,0.046846686740039306,0.015033993128488816,-0.0006922143825476396,0.007871185650702496
1.660274,0.10367850982649027,0.0589746764371903,0.04670640742122692,0.01573739023271752,-0.0007611377985233034,0.008204367177455284
1.674983,0.10713744608802502,0.05956391527072369,0.04651675279616477,0.016534987169148904,-0.0008042623748401382,0.00859505032367096
1.689429,0.11095796380853931,0.06027270636150215,0.04625121421056817,0.017422538880670416,-0.0008130356212115603,0.009041821840314422
1.703605,0.11501681861841959,0.061056747970449424,0.04590696414305847,0.018413776623774036,-0.0007807457034028785,0.009532122197330732
1.717507,0.11914079300303497,0.06184698930249939,0.045481958699637955,0.0194850577239909,-0.0007093544653308362,0.010044093605165536
1.731129,0.12336790624572626,0.06254495883595382,0.04498657038405222,0.020625310467274675,-0.000610941468641247,0.010577651841082374
1.744465,0.1278088549339873,0.0630196537754264,0.04441345297198942,0.021849312272035553,-0.0004986585295197813,0.011139567483203371
1.757511,0.1324730332555027,0.06314434562048095,0.043759718719686036,0.023180878017898903,-0.0003834802528513346,0.011725612953089158
1.770261,0.13733881168257797,0.06286568860910663,0.04300750966479247,0.024651469836350425,-0.0002754831402036815,0.012331844943123497
1.782711,0.14230492958605748,0.062224748133046105,0.04213333733976278,0.02625769161814823,-0.00018308733981501187,0.012948915190050024
1.794854,0.14722331037781286,0.061296149409770816,0.0411144922686129,0.02797614985847376,-0.00011751316491545293,0.013561161262786298
1.806688,0.1519766183285514,0.06015481304333715,0.03994950288173573,0.02977342855543289,-8.861566193194333e-05,0.014155728415679419
1.818207,0.1564986882966498,0.058857572384869605,0.038641302934478566,0.03163988422977684,-9.906645084732545e-05,0.014724601779043132
1.829406,0.16076823364266057,0.057460674994057645,0.03719152313330766,0.033540796642590666,-0.00014192536098501761,0.01526568175616459
1.840281,0.16478667453020132,0.05600990591806496,0.03562521536218178,0.03548849257110164,-0.00020529083296421543,0.015780456816637412
1.850828,0.16856829503769663,0.05454945922646776,0.033950058271463496,0.03749177562266899,-0.00027815275861575386,0.016271760025225887
1.861044,0.1721256594695408,0.05312056981451352,0.03218571896177122,0.03957363994238248,-0.00035279230401319867,0.016742479045164526
1.870923,0.17541649661242853,0.051755760531350475,0.030343493010703233,0.04175902452186131,-0.0004208472592737424,0.017185166800023622
1.880462,0.17833277627514768,0.05045631996588644,0.028435241765711626,0.04405005014941914,-0.0004741875617147235,0.01757849114638813
1.889657,0.18069355839698847,0.04919547100236991,0.026471541584057633,0.04641957087500207,-0.0005071234424431146,0.017885549463573697
1.898505,0.18229696624899439,0.04793106322323524,0.024468542390534104,0.04883414534530884,-0.0005189282239867671,0.018064140146007067
1.907002,0.1829343705882755,0.046619069171839465,0.022437044469511495,0.051227723422800325,-0.0005134105808023948,0.018070871258752053
1.915146,0.18238873409702533,0.04522886323539118,0.020395342329885064,0.053529471419616725,-0.0004961331213781223,0.017863635191917162
1.922932,0.1804993905799543,0.04373342608862111,0.01836240759301485,0.055639029285802104,-0.0004718355569881419,0.017414910284897892
1.930357,0.17707017762496177,0.04212636586789031,0.016360274546650372,0.05745700516117502,-0.00044255049193293373,0.016698068544306322
1.93742,0.17200580807008034,0.04040351633501334,0.014407815358758586,0.05886127896658381,-0.0004071460864290681,0.01571301364274354
1.944116,0.16521724897648646,0.03856346651630662,0.012525217785230108,0.05968934549294622,-0.00036402697332034,0.01447038069484003
1.950444,0.15673135422612483,0.036606271448768914,0.010723476677611607,0.05983903253453901,-0.0003128818306413902,0.013009864729495625
1.956401,0.14659914361940765,0.03452204985464121,0.009028137476922883,0.05917427810140998,-0.0002562121961741383,0.01138229405120613
1.961985,0.13504405799190328,0.032296173354467814,0.007446574080750974,0.05763918406400842,-0.00019899896267928902,0.009667695938901242
1.967193,0.12229193439938674,0.029914437175851016,0.006004535069978657,0.05516779727456498,-0.0001466384130387698,0.007943122606049225
1.972023,0.10873888568483134,0.0273662502085059,0.004710898346963742,0.051798794815934315,-0.0001030435864300816,0.006297624736844396
1.976474,0.09472445422233886,0.024659630359795345,0.003585663020925148,0.04756937013378782,-6.967960481030428e-05,0.004796838288250669
1.980544,0.08071751110470372,0.021809815435653856,0.0026276431995950317,0.04263651517014073,-4.575383929478881e-05,0.003498944578529816
1.984231,0.06704068593663326,0.01885583238620897,0.0018473794516498962,0.03713692996248742,-2.925362645660297e-05,0.002426704398334741
1.987533,0.05411079493806854,0.01584216644748052,0.001229526450837541,0.031316505991450534,-1.7867921512082736e-05,0.0015902320509363457
1.990451,0.042150059767315944,0.012840850898699569,0.0007769967167447821,0.02537613757120228,-1.0298748236972346e-05,0.000971059357044386
1.992981,0.031445838242749144,0.009932698152552856,0.00045650676135699,0.019596913192988265,-5.386105469169352e-06,0.0005438538169010181
1.995124,0.02210851688486047,0.007217164278979537,0.00025796080653740945,0.01418815369298106,-2.5155628746553798e-06,0.00027047026142782414
1.996878,0.014310426088412327,0.004799721268524927,0.00013504246217806544,0.009406366487658175,-9.780199556964818e-07,0.00011392192777701688
1.998244,0.008115814887388951,0.002782369888501488,8.109015715645958e-05,0.0054330856655492215,-2.977613498333229e-07,3.680730454819579e-05
1.999219,0.003633347678566374,0.0012651924340296025,3.1904244864487876e-05,0.0024651974039229647,-5.5465652257998325e-08,7.401472564654891e-06
1.999805,0.0009099265503759397,0.00031851505045310253,4.1707997831642914e-05,0.0006198059861229485,-3.4455333585356366e-09,4.655788607636622e-07
2.0,0.0,0.0,0.0,0.0,0.0,0.0
