z,rho_mean,u_mean,T_mean,p_mean
0.0,1.3682297905389882,0.0,1.0,0.43435866366317094
0.000195,1.3664041768677742,0.0020923829215662624,1.001333311093829,0.43435778983232437
0.000781,1.3609877548611613,0.008360665176456904,1.0053188399349797,0.43435742640489744
0.001756,1.352212495462115,0.018742665970481222,1.0118568370777188,0.43435781123661876
0.003122,1.340382033380215,0.033163384245403466,1.0208247200011011,0.4343574325351769
0.004876,1.3259337101970188,0.051498419329448326,1.0320247315780888,0.4343576305451867
0.007019,1.3093122884248878,0.0736185434454953,1.0452485915919871,0.4343570664208947
0.009549,1.2910273382254058,0.09934342352077329,1.0602270320752298,0.43435668977753406
0.012467,1.2715459488161636,0.12848756570791392,1.0766915402636335,0.43435533450353775
0.015769,1.2513491505679823,0.16079875459627865,1.094325583706141,0.4343533207963925
0.019456,1.2308509382464194,0.19601026308933678,1.1128243843509409,0.43435000840904275
0.023526,1.2104472089558915,0.23376803365964663,1.1318510665390262,0.43434453299563325
0.027977,1.1904580363056818,0.27370469615945514,1.1510988646822422,0.43433678578806884
0.032807,1.171172888040566,0.315355213881752,1.1702467220377588,0.43432548723706
0.038015,1.15280034719347,0.35826808318877323,1.189027404016112,0.4343105292956955
0.043599,1.1355213112088245,0.4019030794093288,1.207175068057863,0.4342910877133208
0.049556,1.1194341903405434,0.4457819335759802,1.2244985303429838,0.43426670625007535
0.055884,1.1046200361660086,0.489375866858681,1.2408182000445487,0.4342373945526893
0.06258,1.0910890833254459,0.5322710799161623,1.2560314556352816,0.4342024596711518
0.069643,1.0788384051872453,0.5740485660367333,1.270057109165913,0.43416238315960914
0.077068,1.0678206179262753,0.614421287168235,1.2828725821278033,0.434116814738502
0.084854,1.0579738093498974,0.6531378558485834,1.294488435484705,0.4340674625076314
0.092998,1.0492284749531846,0.6900248595751883,1.3049232500797414,0.4340127946450915
0.101495,1.0415016588439547,0.7249564812497945,1.3142356404717097,0.4339547483210209
0.110343,1.0347059804099445,0.7578210624963931,1.3224878810468765,0.43389272163940085
0.119538,1.0287535565733463,0.7885346844635396,1.3297589217458186,0.4338276846248098
0.129077,1.0235504633876802,0.8170605018029168,1.336135862417589,0.4337589094119039
0.138956,1.0190016497564411,0.8433870749656498,1.341717396653891,0.4336860303804845
0.149172,1.0150239908615173,0.8675492064814381,1.3466012233610447,0.4336118999582556
0.159719,1.0115340724297532,0.8895854137854208,1.3508743783740966,0.4335340514596279
0.170594,1.0084556387118973,0.9096113390876519,1.354632044863637,0.4334545379000761
0.181793,1.005736010328348,0.9277846557710854,1.3579339874734235,0.43337262831211176
0.193312,1.003318722162591,0.9442922381490964,1.3608515923986815,0.4332888962870824
0.205146,1.0011813110733139,0.9593019637814203,1.363416343161779,0.43320560943874437
0.217289,0.9993009389282554,0.9729557842867839,1.3656639183984902,0.43312607323386865
0.229739,0.9976379501945812,0.9853987814598569,1.367638961655256,0.4330489822665898
0.242489,0.9961671969093562,0.996812261624006,1.369385584405592,0.4329788021340287
0.255535,0.9948576219252947,1.0073656391808032,1.3709387638879902,0.4329139115534071
0.268871,0.9936860049800724,1.0171701573236769,1.3723287832337132,0.432854530029527
0.282493,0.9926349780732809,1.0262676483546602,1.3735801301419368,0.43280101741084653
0.296395,0.9916935946605819,1.0346484888713574,1.3747118978839423,0.4327553492304815
0.310571,0.9908330214391754,1.0423426747488524,1.375744287169431,0.432711594310666
0.325017,0.9900491328753152,1.049424417330928,1.3766833190965044,0.4326702098316714
0.339726,0.9893221741750168,1.0560067239928426,1.3775471719733008,0.4326285862822702
0.354693,0.9886655606358667,1.0622144279726748,1.3783291739652033,0.4325907651533971
0.369912,0.9880711258540464,1.0681450448853778,1.379028095136953,0.43255310128681435
0.385377,0.9875469948199467,1.0738537570734592,1.3796417183641396,0.43251873218491776
0.401082,0.9870815823886401,1.0793786033013175,1.3801795659265244,0.43248574811224716
0.417021,0.9866718937280919,1.0847369149050263,1.3806545361016138,0.4324568691252037
0.433187,0.9863166136892962,1.0899163181291678,1.3810636107230603,0.43243059677390117
0.449574,0.9860108461397598,1.0948955485744924,1.381429151820938,0.4324119173632724
0.466177,0.9857446911252402,1.099628610853705,1.3817602557254012,0.43239948810546547
0.482987,0.9855135898980387,1.104079824632884,1.3820741700533148,0.4323967730414709
0.5,0.9853084500646833,1.1082648164075068,1.3823762126432144,0.43240156082670705
0.517208,0.9851243153160328,1.1122291951037389,1.382680785614697,0.4324162295863601
0.534604,0.9849506379093059,1.1160411421731362,1.3829924115730936,0.43243768298165786
0.552182,0.9847877418333958,1.119747977012248,1.3833119131362779,0.43246642551734615
0.569935,0.9846267990626473,1.1233846075937508,1.3836437423286116,0.43249993001039855
0.587855,0.9844736351340106,1.1269623676553515,1.3839772993384976,0.4325373637184043
0.605937,0.9843353153789965,1.1304833735392887,1.3843025891090008,0.4325786047823031
0.624172,0.9842148186109588,1.133948802486561,1.3846131344832027,0.432622917101484
0.642555,0.9841121353248625,1.1373764174629635,1.3849083345574762,0.4326701796153999
0.661076,0.9840276209106963,1.1408024368179424,1.3851844154358381,0.4327194626431934
0.67973,0.9839606922659353,1.1442613799976111,1.385441454405438,0.432770584241144
0.698509,0.9839191802286396,1.1477302864766108,1.3856656703200125,0.43282258986984773
0.717406,0.9839051843345764,1.1511273333255987,1.3858528063867912,0.43287502299078917
0.736413,0.9839082764137482,1.154368038030968,1.3860123243691156,0.43292623658405543
0.755523,0.9839216797510736,1.1573959731785946,1.3861530821586587,0.43297602947894687
0.774728,0.9839365933271702,1.1601733383610382,1.3862826067278544,0.43302292903625206
0.794021,0.9839516774320658,1.1626614941410762,1.3864029627273617,0.4330670296835912
0.813395,0.9839670772945673,1.1648159812576444,1.386509186406097,0.4331068583696925
0.832842,0.9839908344811087,1.1665909928705729,1.3865933846175653,0.43314350660465445
0.852353,0.9840165852974375,1.1679459120126885,1.386658987805197,0.43317523463662505
0.871923,0.9840441129066793,1.168866581003858,1.3867092785723192,0.43320297097969074
0.891542,0.9840633397292493,1.169388044356095,1.3867534816287752,0.43322517640236746
0.911204,0.9840732951372559,1.1695773552269872,1.3867963622607635,0.43324289784575376
0.930901,0.9840753983046632,1.169502904308598,1.3868316367953775,0.43325478543184415
0.950624,0.9840785023032584,1.169199921237869,1.3868519762444007,0.43326245413525105
0.970367,0.9840824266522449,1.1686641378186964,1.3868502858517286,0.43326362245671746
0.990121,0.9840935241498957,1.1678788634006962,1.3868238467741887,0.43326024357108384
1.009879,0.9841056650974389,1.1668277899383928,1.3867749460279282,0.43325034090740716
1.029633,0.984125484697422,1.1654841898870727,1.3866979395535775,0.43323506092406994
1.049376,0.984145949212058,1.1638156286839838,1.386599337963833,0.433213328301345
1.069099,0.9841662474851227,1.161811259888543,1.386483196844688,0.4331860348660697
1.088796,0.9841841349947897,1.1595086860673725,1.3863534965121185,0.43315341088302034
1.108458,0.9842028874106394,1.1570041285512118,1.3862117904124562,0.4331173855682173
1.128077,0.9842234770720364,1.1544066513081028,1.3860574489507742,0.4330782253126434
1.147647,0.9842427586543171,1.1517956992722647,1.3858998279697872,0.4330374412261893
1.167158,0.9842614316903506,1.1492175556306936,1.385735979770389,0.4329944284155607
1.186605,0.9842719779916262,1.146684732901146,1.3855791329851315,0.4329500221336441
1.205979,0.9842775015181354,1.1441625828053974,1.3854230103211294,0.43290360021881774
1.225272,0.9842805984909792,1.1415897559981611,1.3852658910733937,0.432855779728101
1.244477,0.9842912850615909,1.138911153742363,1.3850906395148306,0.4328056172281931
1.263587,0.9843177851153696,1.1361197825144023,1.3848842745752776,0.4327526563613973
1.282594,0.9843571951839545,1.133272224972788,1.3846496103178698,0.432696486168447
1.301491,0.9844013235390471,1.130412943708734,1.38439726236619,0.4326369104643995
1.32027,0.9844354286809059,1.1275870783246003,1.3841484128830057,0.4325740033154247
1.338924,0.9844639252582235,1.1248293660706639,1.3839044203568955,0.4325103283649355
1.357445,0.9844749671710772,1.1221078044973545,1.3836838190797063,0.4324460473451512
1.375828,0.9845045857579617,1.119326032590608,1.383444597022008,0.43238463222649687
1.394063,0.9845420662668629,1.1163523425042072,1.3832058297387324,0.4323264047101554
1.412145,0.9846162446685748,1.1130759869390414,1.3829359780240411,0.43227455485006777
1.430065,0.9847246913971911,1.1094616785578915,1.382643647258626,0.43223049295344623
1.447818,0.9848742141701515,1.1055494662982626,1.3823272637719257,0.43219673201863923
1.465396,0.9850601619372613,1.1013852220001255,1.3819844877893552,0.43217049214979314
1.482792,0.9852950049903698,1.0969991969794604,1.381605136953303,0.4321540948214791
1.5,0.985565428520596,1.0924137273305274,1.3811953638979424,0.43214366427795015
1.517013,0.9858626933226712,1.0876121147415054,1.3807691387475325,0.43213974004179456
1.533823,0.9861869384343224,1.082566485306119,1.3803269552538382,0.4321424795601816
1.550426,0.9865407738819663,1.0772871566872155,1.3798582029852267,0.4321495860509827
1.566813,0.9869232418885554,1.0718229509095178,1.3793522793003439,0.4321571012496495
1.582979,0.9873275584704462,1.066291090948843,1.3788253496741931,0.43216713137975526
1.598918,0.98773883731943,1.0607777119946116,1.3782872059990954,0.4321765951757345
1.614623,0.9881716649480919,1.0552923339349496,1.3777129817010922,0.43218391549459545
1.630088,0.9886363166892715,1.0497883400986423,1.377090030216527,0.43218917645646077
1.645307,0.9891573852587869,1.0441671204060303,1.376400681604712,0.4321972619985591
1.660274,0.9897334390525475,1.0383370256803324,1.375643005124536,0.4322068260075501
1.674983,0.9903753654845879,1.0322116752092065,1.3748124402316217,0.43222083603287786
1.689429,0.9910854352585456,1.0257131927332857,1.3739093393718647,0.43224002870287914
1.703605,0.9918800767859506,1.0187667759028698,1.3729282735765616,0.4322695059334704
1.717507,0.9927533984920595,1.011315164458133,1.3718653653673105,0.4323055721812092
1.731129,0.993712446269301,1.0032763560341373,1.3707049555400932,0.4323462610265637
1.744465,0.9947826794949113,0.9945905208811419,1.3694185127735863,0.4323931285349053
1.757511,0.9959827494534182,0.9852368173174858,1.367986657174757,0.4324475816828582
1.770261,0.9973238740235806,0.9751891447339626,1.3663941917307805,0.4325087538434026
1.782711,0.9988336515509884,0.9644393479101698,1.36461660880182,0.4325801335218307
1.794854,1.0005187520362684,0.9529478006161752,1.3626458172170375,0.4326611402172867
1.806688,1.002396326494152,0.9406374490828122,1.3604603897029353,0.4327518634502498
1.818207,1.0044684493327418,0.9274003742357696,1.3580582178103062,0.43285160110931004
1.829406,1.0067770033400782,0.9130958234824736,1.3553890507299147,0.4329615197504975
1.840281,1.009335558169383,0.897533686274721,1.3524142080768475,0.43307363222234063
1.850828,1.0122068561284427,0.8804745241535409,1.3490567304485772,0.43318812357914827
1.861044,1.0154579395510568,0.8616397826758959,1.3452277927056546,0.43330235971367037
1.870923,1.019173104556188,0.8407529008621456,1.3408238826775316,0.43341543728863796
1.880462,1.0234387228530613,0.8175380054004644,1.335742595877662,0.4335261191234191
1.889657,1.028355594520622,0.7917439796131899,1.3298656282232468,0.43363327887134123
1.898505,1.034028991843826,0.7631929393698497,1.3230744213743453,0.4337350939774879
1.907002,1.040578659472405,0.7317659647509286,1.3152420187531966,0.4338312337014018
1.915146,1.0481154484647806,0.6974592617580024,1.3062579474951947,0.43391946815258303
1.922932,1.0567748127975682,0.6603385734578561,1.295996315370922,0.4339995188279271
1.930357,1.0666661972485225,0.6205789973027878,1.2843753031954666,0.4340699463641798
1.93742,1.0779018603372787,0.5784552072508398,1.2713262722317327,0.4341304954157605
1.944116,1.0905811996232389,0.5343171677081376,1.2568149540809987,0.43418272797317115
1.950444,1.104750353685761,0.4886654612255988,1.2408820095023763,0.43422614571773654
1.956401,1.1204371117860095,0.442035876069781,1.2235994583343848,0.43426049266423583
1.961985,1.137601126968091,0.395097699283367,1.2051367465784115,0.434289088561975
1.967193,1.1561553530324788,0.3484977138694719,1.1856957038538882,0.4343096224922792
1.972023,1.1759347057629304,0.3029387129665509,1.1655716418095203,0.43432584642213873
1.976474,1.1967169714233508,0.2590306112094066,1.1450799184341272,0.4343365156196342
1.980544,1.2181954533091903,0.21737179523921898,1.1246030919884897,0.43434500811463783
1.984231,1.240008751706355,0.17843200852544386,1.1045134023070229,0.4343495126986519
1.987533,1.2617153347548544,0.14264884510706002,1.0852207766598103,0.43435319754979484
1.990451,1.282836742707517,0.1103379881707138,1.0670943273805789,0.43435460331043574
1.992981,1.302822315480372,0.08179987160489287,1.0505200362890805,0.43435614684976653
1.995124,1.3211171176368126,0.057241817395325245,1.0358226693021686,0.4343563654118482
1.996878,1.3371219529854763,0.03687599187451995,1.0233317780336466,0.43435706194816254
1.998244,1.350292985341921,0.020846752881395963,1.0133005488317945,0.4343568196885297
1.999219,1.360106246938496,0.009301889398103277,1.005972212413252,0.4343572266189292
1.999805,1.366177644719937,0.002328078776579905,1.0014975134526247,0.43435683361739424
2.0,1.3682214838532671,0.0,1.0,0.43435602662008493
